red,green,blue,time
131.032,156.2008,148.9856,0.3845794200897217
126.6532,151.2208,145.9348,0.4149918556213379
123.1288,152.418,144.076,0.4468803405761719
120.1368,147.5928,140.4424,0.4819052219390869
113.3904,139.3512,135.1508,0.5160527229309082
109.7024,143.5056,134.04,0.5482163429260254
113.6504,140.31,133.092,0.5804202556610107
107.5532,134.396,129.2472,0.6163296699523926
107.6028,135.6108,129.5612,0.648357629776001
111.5244,130.1304,127.2364,0.6803922653198242
105.6084,135.804,128.1268,0.7162339687347412
105.3472,136.2748,129.8108,0.7484867572784424
110.4968,136.6388,130.346,0.7843403816223145
109.806,130.4112,129.0068,0.8162882328033447
108.1148,134.9652,128.7556,0.8483624458312988
109.3388,134.9816,130.4812,0.8842337131500244
105.0244,131.6292,128.1452,0.9162213802337646
102.8468,135.8744,128.6456,0.9483394622802734
108.728,133.3884,129.6252,0.9844465255737305
105.2268,132.9984,128.2592,1.0152432918548584
101.5456,131.338,126.6364,1.0482220649719238
106.4416,136.4816,129.8804,1.084435224533081
101.908,123.9252,122.7612,1.1162891387939453
102.716,133.9236,128.7084,1.1483399868011475
105.5604,137.4888,129.2756,1.184309959411621
103.058,128.9556,126.4864,1.216282606124878
94.7256,125.4892,122.1016,1.248488426208496
106.358,134.4356,128.4808,1.2844460010528564
102.8532,127.6232,125.1632,1.316298007965088
95.9872,126.944,123.5404,1.3485002517700195
105.414,132.8152,128.0808,1.3844525814056396
102.0316,129.7664,126.8324,1.4164278507232666
98.16,127.7384,125.2844,1.4484515190124512
105.6372,132.9356,129.3384,1.4844715595245361
104.86,125.9224,126.2884,1.5164752006530762
98.9372,130.968,125.3484,1.5488510131835938
104.6436,135.5568,129.5988,1.5806455612182617
102.7272,130.5904,126.8864,1.616426944732666
100.4008,132.4812,127.0676,1.6482505798339844
103.7604,133.8028,129.2988,1.6803133487701416
101.8164,129.8176,126.878,1.7162773609161377
94.7396,123.7872,122.67,1.748450517654419
102.9772,127.5372,127.1652,1.7803421020507812
101.098,122.4288,122.7112,1.8162834644317627
93.8308,123.7736,122.4148,1.8483531475067139
102.1724,133.3744,128.5888,1.8808643817901611
101.256,127.0284,125.5208,1.9162847995758057
100.07,128.5408,126.5184,1.948307752609253
101.7652,132.4436,127.5544,1.9803383350372314
101.074,127.4476,125.6136,2.016234874725342
96.8468,126.174,124.7832,2.048149347305298
102.9628,134.8372,128.8644,2.0805492401123047
101.7512,127.474,126.3972,2.116288423538208
96.7116,125.6772,125.0308,2.1484265327453613
100.5488,133.228,127.742,2.1842598915100098
101.53,126.9008,125.6624,2.216231107711792
96.5032,124.2728,124.5084,2.248293161392212
99.322,129.1988,127.262,2.284440517425537
100.954,125.3696,126.128,2.3162972927093506
94.524,121.8712,122.8948,2.348417282104492
97.312,126.4672,125.9896,2.3842861652374268
98.9192,126.0788,125.772,2.4163007736206055
91.7512,120.2508,121.5784,2.4483437538146973
93.9628,124.6036,123.7324,2.484469175338745
98.83,124.6288,126.01,2.516441583633423
95.3036,118.3956,122.68,2.548286199569702
99.25,130.218,128.0996,2.580383777618408
102.31,121.9912,125.2244,2.6165428161621094
94.8992,117.922,122.2568,2.6481807231903076
99.286,127.086,126.818,2.680406332015991
101.7156,124.714,126.4144,2.7163169384002686
97.9264,116.7408,122.8512,2.7483696937561035
98.2108,130.252,126.6024,2.78033709526062
100.5084,123.81,126.2664,2.816343069076538
95.7812,120.9352,124.6044,2.8483541011810303
102.814,131.4376,128.9488,2.880403518676758
100.1504,126.3824,126.9896,2.9161622524261475
96.1348,118.714,123.8324,2.9484455585479736
97.1132,127.1116,127.2984,2.980459690093994
98.5252,126.456,126.5696,3.016417980194092
95.0828,120.2232,124.0108,3.0482282638549805
96.3464,127.8596,126.7324,3.080303430557251
98.4608,122.7284,124.678,3.116364002227783
94.9456,117.7588,122.8752,3.148400068283081
94.7896,124.6336,124.4796,3.180468797683716
98.9928,123.4136,124.7812,3.216413736343384
94.3392,122.7936,123.8228,3.248352289199829
94.2136,127.3728,125.3508,3.2804911136627197
97.0768,121.952,124.9028,3.316256046295166
94.2928,123.9564,124.0356,3.3484904766082764
92.378,124.092,124.4288,3.380439281463623
95.482,127.0628,125.8332,3.4162871837615967
92.9128,119.6388,122.672,3.4484426975250244
91.3104,119.6476,122.2912,3.480572462081909
101.808,121.4708,125.596,3.51639723777771
93.8296,121.9608,123.8276,3.5482897758483887
94.0904,123.1172,124.742,3.5804314613342285
101.6736,123.8444,125.434,3.6164395809173584
100.4912,121.2804,126.3196,3.6484248638153076
94.162,119.876,125.238,3.6805334091186523
98.1268,122.0424,126.9848,3.716378688812256
97.2196,119.07,124.9016,3.7484474182128906
95.42,124.5344,127.4472,3.7804319858551025
99.042,126.3948,128.1544,3.816420316696167
96.6324,117.3384,122.7704,3.8484370708465576
94.5844,123.8536,127.1756,3.880474805831909
98.0832,125.6416,128.4236,3.9163804054260254
96.4504,117.2352,123.6904,3.948423385620117
93.2968,121.442,126.3252,3.9804394245147705
97.3296,124.8144,127.5396,4.016294717788696
97.3204,117.234,124.3748,4.048387289047241
94.1476,122.3208,126.4952,4.080273628234863
96.2328,123.598,126.484,4.116366386413574
95.878,117.8128,124.488,4.148423194885254
92.668,118.8572,125.568,4.180494785308838
98.072,128.2608,129.0844,4.216460227966309
96.7492,117.6856,125.4824,4.248459339141846
93.5912,121.3592,125.9712,4.280553579330444
94.6728,122.102,126.9452,4.316628456115723
95.03,119.186,124.7928,4.348486423492432
93.1412,117.466,123.9732,4.3804826736450195
95.982,125.0116,128.0696,4.416479110717773
93.9628,117.7456,124.316,4.44838809967041
91.1844,115.572,123.8064,4.480292081832886
92.4836,118.444,124.8096,4.516419410705566
93.1536,117.5032,125.3232,4.5484607219696045
89.2136,114.6776,123.5096,4.580319881439209
94.2428,124.4728,127.4504,4.616445064544678
94.5764,120.8492,126.262,4.64842963218689
90.4696,117.2152,124.2728,4.680466413497925
90.6008,118.4844,125.1516,4.712593078613281
93.1028,121.1372,125.9556,4.748453855514526
89.6888,114.6452,123.4144,4.780422210693359
90.1976,119.6768,125.3816,4.81640100479126
92.6792,118.116,123.4796,4.848416090011597
88.1792,114.4992,121.77,4.880525350570679
91.9088,123.4364,127.496,4.9163737297058105
92.3764,120.9092,125.898,4.9485182762146
88.5656,113.9248,122.6948,4.980490207672119
89.9164,117.9576,125.2096,5.016445875167847
93.4276,120.05,126.1008,5.048428773880005
88.5808,114.696,123.0344,5.080404996871948
89.2276,121.408,125.3336,5.116224050521851
94.1836,117.9332,123.8372,5.148306369781494
90.2492,116.0008,123.606,5.180482864379883
87.6024,117.4656,123.4928,5.216432094573975
91.3476,116.2884,124.4144,5.248440742492676
88.4956,114.9484,122.6564,5.2804789543151855
88.1196,116.1928,123.1832,5.316413640975952
91.9244,115.512,124.0484,5.348414182662964
89.2948,111.7836,122.6548,5.380577325820923
87.6384,116.7068,124.6436,5.416440486907959
91.1912,112.1928,123.622,5.448276996612549
86.9868,110.7188,121.7548,5.480532169342041
86.2056,117.892,124.5308,5.516428470611572
90.1912,117.4764,125.2236,5.548439025878906
90.3412,107.5216,122.9048,5.580455541610718
90.1568,124.238,125.9364,5.616355657577515
91.9588,112.1524,124.6228,5.648461580276489
87.5092,109.798,122.1028,5.6807191371917725
86.93,120.8216,125.266,5.712543964385986
90.876,114.5208,124.6928,5.748471021652222
87.6312,111.6316,121.9436,5.780687570571899
85.4668,119.1692,124.6564,5.812542915344238
88.1648,115.948,124.4744,5.84841513633728
89.1368,108.3728,120.308,5.880472660064697
88.208,122.8668,125.7008,5.9124596118927
90.4184,120.4048,125.4716,5.948495388031006
86.2992,110.2968,121.4236,5.98046088218689
84.7944,119.6528,124.144,6.012522459030151
89.4344,118.392,125.1652,6.0484395027160645
85.3608,107.6868,118.828,6.080514430999756
83.6324,120.1512,122.2624,6.112395763397217
87.7996,119.2632,125.016,6.148287773132324
85.3824,108.3216,121.5416,6.180519342422485
86.4816,118.8744,125.4316,6.216440439224243
88.9896,120.5728,126.7472,6.2487640380859375
88.8756,116.144,125.6392,6.280536413192749
86.3372,119.1204,126.8208,6.316499948501587
88.8024,118.326,126.582,6.348633766174316
88.8808,110.264,122.7684,6.380447864532471
83.508,118.1256,124.1744,6.416480779647827
86.3528,122.4992,126.6468,6.448480844497681
87.134,107.204,123.2732,6.480553150177002
82.4336,113.8312,122.8348,6.516435384750366
87.956,121.004,127.174,6.548489093780518
87.6976,111.638,123.3512,6.580537557601929
82.5464,115.26,124.5812,6.616445064544678
86.5068,121.3084,127.8444,6.6484575271606445
88.1372,117.5036,125.9308,6.680497646331787
79.2224,111.7732,120.5712,6.712596893310547
87.7324,121.95,128.0596,6.748436450958252
87.574,115.2988,125.1864,6.780558824539185
81.6052,115.6676,124.2424,6.812617301940918
86.2976,121.6004,127.288,6.8485236167907715
86.4176,116.122,125.1932,6.880690097808838
81.6404,111.5432,122.862,6.912535905838013
89.324,127.2408,128.6636,6.948541641235352
86.5712,114.1272,125.5076,6.98053765296936
80.378,111.8268,123.1204,7.01244592666626
90.3704,124.0064,128.3932,7.048395872116089
87.0688,113.7888,124.402,7.08060884475708
80.3984,111.758,122.874,7.112567901611328
83.9392,119.8228,125.9084,7.148366689682007
85.7368,113.488,124.508,7.180293798446655
82.8636,116.852,124.9164,7.212585926055908
85.7344,122.8644,128.0732,7.24840235710144
84.4972,112.584,125.6084,7.280540466308594
83.7536,115.2876,125.536,7.312437295913696
85.5684,120.6784,128.1328,7.348581075668335
86.8064,114.456,125.5156,7.380465745925903
82.5944,112.5088,124.7092,7.412634611129761
85.648,121.1368,127.316,7.448528289794922
82.5492,105.6548,118.3312,7.480562925338745
83.0048,112.728,124.8528,7.516656875610352
79.0532,112.8816,124.8348,7.548576831817627
84.7612,114.7032,126.2704,7.5805182456970215
83.428,118.808,125.7472,7.61664891242981
81.1936,118.87,126.4564,7.648571491241455
83.3892,112.0452,126.196,7.680588483810425
80.4592,110.6768,124.216,7.712623119354248
81.0416,119.6612,126.3192,7.748568058013916
82.982,111.9016,125.816,7.780353546142578
80.4604,105.924,120.2788,7.812605857849121
81.4844,120.1112,126.9912,7.848464727401733
82.9824,118.1052,126.644,7.880567312240601
82.558,109.4932,123.2204,7.91256046295166
82.692,119.6912,126.2748,7.9485321044921875
81.6904,112.6452,125.27,7.980517148971558
80.9044,112.734,124.266,8.012563467025757
75.04,110.96,122.3912,8.048540115356445
82.1664,117.584,126.5444,8.080589294433594
78.1788,109.9248,123.8352,8.112526893615723
78.7704,117.4908,125.3284,8.14873194694519
81.1356,118.7656,126.6224,8.180416345596313
77.7996,108.3324,122.3612,8.212599515914917
77.5316,113.7956,124.9588,8.248546361923218
84.0088,118.208,127.1968,8.280503034591675
79.722,110.606,123.2396,8.312674283981323
80.5288,119.2148,125.9804,8.349955081939697
78.042,115.4656,125.2556,8.380481481552124
78.7616,113.734,124.8284,8.412620782852173
77.6776,112.2368,125.4956,8.448593378067017
82.6484,114.48,125.9744,8.480542659759521
80.5356,110.8688,125.1592,8.512558698654175
78.2248,117.078,125.6132,8.549162864685059
78.446,116.3076,126.1328,8.580526351928711
79.5604,110.1884,123.5696,8.612527847290039
77.332,116.3928,125.1812,8.64842414855957
79.7752,113.9708,125.3972,8.680516719818115
79.7484,113.2008,124.7088,8.712327241897583
74.36,112.3864,121.9556,8.748549222946167
78.1216,113.3612,124.8516,8.780550479888916
78.6856,108.8552,124.242,8.812575578689575
75.3756,114.5632,123.9516,8.848541498184204
76.4876,115.2112,125.3748,8.8805091381073
78.7164,110.5816,124.0888,8.912548065185547
77.3592,115.7368,124.5084,8.94851565361023
80.8484,114.1368,125.0336,8.980520486831665
79.1568,108.83,124.4816,9.012554407119751
78.4084,118.3624,125.6784,9.048536539077759
76.4396,113.5424,125.5248,9.080456018447876
77.4056,112.588,123.8868,9.112565279006958
76.9868,112.7352,122.8324,9.148392915725708
78.1304,114.57,123.3976,9.180315256118774
77.64,111.214,124.6448,9.212242126464844
75.9052,114.0512,124.9676,9.24845576286316
77.3348,115.6752,125.79,9.28052282333374
76.6572,105.508,122.43,9.31258249282837
76.1492,114.0844,124.668,9.348518133163452
74.076,115.2688,124.7892,9.38051724433899
77.1276,109.5816,123.6428,9.412550687789917
75.3116,115.6648,124.5864,9.44853949546814
72.4144,113.5284,123.76,9.480568170547485
75.432,109.8324,124.6484,9.512579441070557
75.6964,113.4612,124.986,9.548519849777222
80.9572,122.1644,128.1684,9.58053994178772
78.3632,113.86,125.486,9.612571716308594
72.1684,109.7576,122.2112,9.648522853851318
76.4076,117.4916,125.342,9.680551528930664
75.8432,106.7248,122.7048,9.712553024291992
77.7872,115.5608,125.1696,9.748535394668579
75.9532,113.8468,124.5712,9.780503749847412
75.2664,113.4704,124.9852,9.81241750717163
72.7672,109.852,122.7804,9.848480224609375
74.7624,116.4504,125.4272,9.880574941635132
75.7792,114.0976,125.0416,9.912558794021606
67.5588,105.532,119.6712,9.944581985473633
73.18,112.4504,124.6512,9.980474948883057
72.6472,109.2392,124.3584,10.012571334838867
72.4112,109.21,121.0032,10.044530153274536
74.0704,113.7436,124.2392,10.080574989318848
75.6564,112.1628,124.2424,10.112584352493286
70.8732,108.686,121.2388,10.14461874961853
74.6132,116.6688,124.7468,10.18055272102356
73.93,110.7336,124.6716,10.212401628494263
80.498,105.2628,124.6884,10.24853229522705
73.8148,112.8488,124.226,10.28054404258728
73.9328,112.512,124.9632,10.312560081481934
71.172,107.1764,122.4632,10.348526954650879
74.5144,113.032,124.4148,10.38058876991272
72.5532,107.8512,124.504,10.412606477737427
71.8268,107.4812,121.8012,10.448550462722778
73.1752,115.186,122.7368,10.480589628219604
74.0356,108.7956,123.3816,10.51254916191101
72.4772,108.5384,122.2996,10.548560857772827
73.2764,114.0764,124.8896,10.580377578735352
70.414,110.5952,124.338,10.612586975097656
70.3284,103.4392,120.7332,10.648525953292847
71.0196,113.1452,123.9608,10.680534362792969
72.3392,114.0516,125.2228,10.712568044662476
71.1812,108.8924,122.5704,10.746689319610596
70.8044,108.0128,120.5704,10.780572652816772
71.7556,109.6312,124.574,10.812441349029541
68.2296,105.18,120.8984,10.84855604171753
60.6872,101.47,114.0952,10.880581140518188
72.118,109.7112,123.8988,10.912537336349487
70.188,109.1348,123.2668,10.944634914398193
66.1452,108.1216,119.5976,10.980504274368286
69.6196,111.4056,123.932,11.012591361999512
70.5988,106.8556,122.6744,11.044611692428589
70.4116,113.2596,123.5692,11.080507040023804
69.85,109.2956,123.9908,11.1124746799469
71.5684,104.2476,122.2712,11.14456057548523
72.4208,113.5916,124.708,11.180546522140503
72.7164,112.9256,124.7132,11.21243929862976
68.4268,103.0248,121.3448,11.24440622329712
70.618,110.9576,123.5228,11.280555963516235
70.2292,111.302,124.142,11.312438011169434
70.428,102.7244,120.6284,11.344595193862915
69.85,111.124,121.7396,11.380425453186035
69.872,111.2,123.8188,11.412495136260986
67.944,104.3664,121.2724,11.44457721710205
69.2772,111.196,123.2692,11.480454921722412
72.0064,110.5352,123.068,11.512523174285889
67.5484,102.2016,120.7796,11.54460597038269
69.5172,110.3288,123.598,11.580539464950562
67.608,109.0456,123.1092,11.612592935562134
68.3216,105.9256,122.3828,11.648451089859009
72.274,115.0328,124.3232,11.680408954620361
67.6168,110.2948,123.7176,11.712509155273438
65.93,101.6628,121.244,11.748488426208496
68.2836,106.6584,122.454,11.780383586883545
70.2264,111.8224,124.1084,11.812602996826172
69.404,101.8356,119.244,11.844569206237793
62.8824,103.2656,117.812,11.880559206008911
70.1944,111.5348,123.5864,11.912554740905762
66.8068,103.606,121.9904,11.944613218307495
71.5156,112.6184,123.2868,11.98047161102295
70.646,111.6596,124.7872,12.012561321258545
70.3388,99.4924,121.3136,12.044606685638428
71.5268,109.7576,125.2272,12.08045220375061
63.6848,106.342,122.9256,12.112765789031982
69.008,106.86,124.8128,12.144595623016357
72.1144,114.5568,126.7872,12.180593013763428
70.992,116.0908,127.136,12.212950706481934
68.6152,104.8048,124.4944,12.244707584381104
72.9772,113.5804,126.4088,12.28053092956543
69.6172,112.2876,126.3808,12.312557220458984
67.9776,109.568,125.5632,12.34473466873169
68.9388,106.3572,124.154,12.380373477935791
71.7548,109.868,125.0084,12.412571907043457
76.4824,108.0796,126.756,12.444638013839722
67.7444,108.6364,124.6152,12.480388879776001
69.618,112.1208,126.2708,12.512639284133911
69.734,108.3084,125.728,12.54464840888977
72.4984,111.1096,125.7252,12.580551862716675
72.66,116.142,127.0948,12.612621307373047
68.352,106.8836,124.8344,12.644611358642578
69.27,111.2952,125.7056,12.680660963058472
73.2284,116.1748,126.9296,12.712542295455933
71.0208,107.3512,124.9572,12.74463677406311
67.6316,106.7708,124.1912,12.780894756317139
72.5412,115.192,126.4132,12.812461853027344
68.6848,107.2796,125.2812,12.844614505767822
65.8936,106.9896,123.1912,12.880500078201294
67.6668,110.204,125.6584,12.912559270858765
69.0076,107.7256,124.6728,12.944624662399292
66.9476,104.8712,122.1872,12.980415344238281
68.5048,113.8816,126.3292,13.012625217437744
67.5388,109.006,125.134,13.044548988342285
66.3548,105.5028,123.3652,13.080526351928711
71.1368,114.994,127.0628,13.11264157295227
67.7024,108.7064,125.114,13.14466404914856
68.336,108.4632,125.0792,13.180561780929565
69.842,112.446,125.9192,13.212648153305054
66.9748,111.0928,126.0888,13.24468207359314
67.4644,104.9536,124.5076,13.280452013015747
72.898,116.1668,127.4352,13.312361717224121
68.7832,110.9968,126.414,13.344733476638794
71.7664,109.932,125.4856,13.380477905273438
73.5936,119.1124,127.4024,13.412575960159302
70.1168,113.0728,126.7068,13.444583892822266
67.8668,107.0388,125.4756,13.480508804321289
74.1632,109.364,124.5344,13.512699604034424
68.096,114.054,126.8704,13.54466462135315
63.5104,102.918,122.1576,13.580585718154907
74.2468,117.3952,127.9088,13.612624645233154
68.3228,113.3336,126.9964,13.644673109054565
66.2572,106.912,124.0724,13.680633306503296
76.426,119.4248,128.174,13.712602853775024
67.2428,108.856,124.4464,13.744678974151611
67.0948,108.306,124.8528,13.780452013015747
69.298,109.2944,125.1992,13.812700748443604
67.2836,107.6948,125.1704,13.844476699829102
66.0236,107.2904,124.6976,13.88058066368103
66.5724,113.762,125.2548,13.912477493286133
67.9816,110.9336,125.2448,13.9445960521698
70.4668,105.7852,124.8612,13.980586290359497
67.8944,113.1668,123.896,14.012447834014893
67.6308,109.8472,125.5484,14.044616937637329
64.5916,104.86,124.4432,14.076714992523193
70.012,113.1196,126.8084,14.112575769424438
67.5004,106.6452,123.8276,14.144623279571533
68.2628,110.8776,125.1588,14.176748037338257
62.5896,105.5448,122.276,14.212592840194702
69.4924,105.4372,125.084,14.244600772857666
70.0928,106.9788,125.882,14.280590772628784
66.7968,111.3148,125.618,14.312419176101685
68.9444,111.0392,126.598,14.344687700271606
67.0404,108.85,125.2268,14.380571126937866
67.9684,111.6344,125.2356,14.412494897842407
69.0096,110.7196,126.1548,14.444711923599243
65.6616,104.4272,125.046,14.48046612739563
71.3452,112.3628,126.8908,14.512494564056396
70.2532,113.8576,126.132,14.544548511505127
64.298,104.2072,124.6264,14.580466747283936
70.8756,113.4396,126.2728,14.612630128860474
70.0636,110.5668,125.006,14.644595623016357
70.1036,109.3344,125.7044,14.680602788925171
66.7412,108.6264,125.614,14.712593793869019
67.602,107.382,124.98,14.744628190994263
65.5524,107.8592,125.9764,14.780523300170898
72.8712,114.6884,127.2964,14.812602281570435
68.6076,112.8104,126.3144,14.844573974609375
66.3272,108.9384,125.5668,14.880624294281006
69.5752,111.1868,126.7472,14.912639856338501
70.6556,116.2228,126.8648,14.944535732269287
67.2108,105.9748,124.002,14.980483770370483
67.1444,107.872,125.8388,15.012569189071655
70.1992,113.594,126.5944,15.044585704803467
65.4272,110.4316,125.9012,15.076617002487183
67.0152,109.486,125.9236,15.11255431175232
70.4096,116.4356,127.6428,15.144569635391235
64.8492,105.426,123.7196,15.176649332046509
63.6892,107.5268,123.1552,15.212654113769531
70.6604,113.906,126.9428,15.24460220336914
66.1444,108.8756,125.4044,15.276737928390503
70.984,113.5492,126.8944,15.31249713897705
68.0912,110.5144,126.3376,15.344505310058594
67.4088,111.9636,125.8388,15.376716375350952
66.7644,107.8252,124.1844,15.412508487701416
68.892,113.2608,126.5256,15.444578170776367
65.7008,108.3452,126.518,15.47668719291687
63.8704,105.268,122.9636,15.512590885162354
67.7004,106.1376,123.8548,15.544687986373901
64.8856,106.9472,124.966,15.576737403869629
61.6684,107.0028,124.6036,15.612611055374146
65.738,113.0896,124.5096,15.644605159759521
64.8896,107.966,126.0468,15.680602788925171
60.5272,104.1932,122.9488,15.712647914886475
69.2604,114.6152,126.7276,15.744683980941772
65.9496,103.2804,123.8064,15.780540227890015
64.5996,106.2444,125.5524,15.812602996826172
67.516,111.9684,126.402,15.844554424285889
66.0948,105.5532,124.7568,15.880622386932373
66.2216,108.9864,125.8472,15.912555456161499
67.4756,110.7436,126.104,15.944710493087769
64.5948,107.686,125.6024,15.980569839477539
63.3624,108.2192,125.4076,16.012682676315308
69.3252,115.5896,126.6976,16.044678688049316
66.0076,104.3328,125.262,16.076662063598633
61.1196,107.2736,125.048,16.112637519836426
66.128,110.6536,125.4448,16.144587993621826
62.444,107.8856,125.2396,16.176636457443237
61.9124,103.446,124.1028,16.212631464004517
64.1436,111.3332,125.604,16.244630336761475
62.2048,107.516,125.5872,16.27669405937195
61.63,102.2404,124.4516,16.31259799003601
66.2868,110.262,125.6864,16.344675064086914
61.4016,106.6608,125.1652,16.37670636177063
62.6416,103.9972,123.9832,16.41260027885437
71.4816,118.0536,128.1808,16.44468593597412
66.086,111.8068,126.2232,16.476733684539795
65.448,101.5372,123.3572,16.51260495185852
70.6156,112.1372,125.0148,16.544615983963013
66.7828,108.2492,125.9024,16.576669692993164
63.9576,103.1816,124.7216,16.61267614364624
66.5044,113.3612,123.8824,16.644556045532227
60.4384,104.8244,125.1692,16.67671251296997
60.8984,104.4648,124.1848,16.71269178390503
67.1064,115.7416,125.6416,16.744602918624878
63.918,110.8012,125.75,16.776776552200317
58.4748,104.5068,123.9616,16.812652826309204
55.408,101.6972,115.51,16.844696760177612
65.1364,107.0528,124.4944,16.876643419265747
59.9436,105.0344,124.5632,16.91258955001831
60.7644,109.0368,122.7992,16.94465446472168
67.1804,115.5656,126.984,16.976606845855713
60.8124,101.6164,122.2936,17.012634992599487
65.8732,113.5984,125.8116,17.044601440429688
62.6068,104.6076,125.1904,17.07673740386963
59.076,103.8036,123.8804,17.11262559890747
66.4816,114.9084,126.7716,17.14463210105896
64.0412,112.478,126.1476,17.17663335800171
59.8936,102.0836,123.846,17.212566375732422
69.7536,117.2524,128.3032,17.244561195373535
68.5272,114.776,126.6848,17.276630640029907
57.688,105.916,124.1304,17.312558889389038
61.7484,109.6924,123.8252,17.344621181488037
61.6044,108.7776,125.7708,17.376399993896484
58.694,108.824,124.9204,17.412606477737427
62.8592,109.6792,125.5588,17.444613695144653
63.9248,113.4292,125.802,17.476730585098267
60.1268,110.59,125.3488,17.51263427734375
58.9852,105.5428,122.4212,17.544657707214355
67.1996,116.0416,126.9816,17.57652735710144
58.23,109.124,124.7012,17.612674236297607
62.3656,109.0596,123.2448,17.644437074661255
65.7988,114.9244,126.7536,17.676586151123047
61.8284,105.9264,123.9184,17.712461471557617
66.0244,109.8268,125.2368,17.744636297225952
62.9124,113.1808,123.0328,17.77668857574463
62.524,108.362,125.7892,17.812675952911377
61.3824,106.7944,123.4736,17.844555377960205
63.8996,114.0528,126.2472,17.87674307823181
61.1212,107.714,125.09,17.912618160247803
61.8508,107.8916,123.4336,17.94464087486267
63.994,113.7752,126.5432,17.976597547531128
61.9896,99.7196,123.268,18.012701511383057
62.72,105.7952,124.5736,18.04470658302307
65.0652,109.0056,124.2264,18.07702350616455
62.7228,113.2364,125.9804,18.112545251846313
62.422,109.2976,126.0352,18.144690990447998
65.188,113.4764,127.018,18.176620483398438
61.0984,110.6968,126.1704,18.212628602981567
65.1052,108.3588,125.308,18.24459195137024
68.244,117.6836,127.4332,18.276535034179688
63.13,108.276,125.3764,18.31263828277588
61.9912,109.0936,125.7764,18.344610691070557
64.9656,114.5152,127.08,18.376661777496338
59.8044,110.2004,125.958,18.412428617477417
55.7892,102.89,121.2932,18.44445776939392
69.3996,116.8684,127.3684,18.476770401000977
64.0684,110.78,126.0072,18.512444019317627
59.126,106.1484,123.0696,18.544673442840576
69.3032,119.1512,128.5004,18.57668900489807
64.3712,112.5076,126.5088,18.61267352104187
64.6424,109.3184,125.878,18.64488458633423
69.4504,116.392,127.6044,18.676687717437744
61.8248,105.234,124.2632,18.712700605392456
59.4436,105.2112,125.1948,18.744661331176758
69.278,114.6368,125.9536,18.77663779258728
61.974,108.1036,124.5172,18.81261897087097
59.5736,103.9408,124.256,18.844512701034546
62.3656,112.7672,126.5884,18.876769065856934
61.8432,110.9316,126.654,18.91263198852539
54.216,98.7968,122.4132,18.944656372070312
66.5,113.1728,125.9344,18.976651191711426
62.5288,111.0752,126.3328,19.01263189315796
58.9536,106.7628,123.3424,19.044601440429688
64.1696,108.4512,125.3664,19.07671308517456
59.856,107.8316,125.3784,19.112938165664673
59.5376,106.9764,124.636,19.144673824310303
70.144,116.1604,127.3208,19.176647663116455
61.17,114.3268,126.1032,19.20867657661438
59.7988,107.4896,124.2412,19.244701147079468
63.3288,112.3792,126.0924,19.276755571365356
59.9968,109.7136,125.1592,19.30874013900757
59.4144,104.1308,124.6204,19.34465718269348
57.7736,104.8792,120.6188,19.37685990333557
62.3356,111.5772,126.3616,19.40943670272827
57.7172,105.7504,124.9904,19.445396423339844
64.452,114.5676,126.984,19.476738214492798
61.9252,111.3028,126.9512,19.50880241394043
57.3708,104.788,124.6572,19.54449725151062
63.8724,110.0376,126.2564,19.57673668861389
63.2368,110.952,126.4212,19.61271595954895
61.9472,108.636,125.7568,19.64467430114746
60.1216,109.9188,125.1136,19.676792860031128
59.9904,106.8344,125.894,19.712687969207764
61.6888,109.2092,125.9908,19.74471664428711
67.624,117.2884,128.1816,19.776718854904175
65.0592,109.9816,124.6928,19.812597513198853
62.016,106.0272,125.5288,19.844685316085815
61.5428,110.3544,126.0064,19.87679123878479
66.674,113.0764,126.1464,19.91260051727295
60.4548,105.558,125.082,19.94471502304077
66.8864,114.2688,127.1648,19.976682662963867
64.8464,113.6324,126.868,20.0128014087677
61.6368,111.7184,126.294,20.044724941253662
64.5928,114.21,127.2532,20.07671570777893
61.6172,111.7152,126.748,20.10873007774353
57.828,108.1824,124.7068,20.144702434539795
63.2764,114.3108,126.0516,20.17669153213501
64.8276,113.4304,126.87,20.20869207382202
58.682,108.6532,125.6484,20.24465036392212
69.9428,116.6656,128.0492,20.276752471923828
60.5872,108.8828,123.9452,20.308807134628296
57.088,98.7364,121.6668,20.34468150138855
62.9024,111.4724,126.6144,20.376713752746582
65.8784,114.4712,127.3004,20.40881109237671
62.2952,106.0944,124.9756,20.44475746154785
66.5272,115.7824,127.9708,20.476560831069946
67.42,113.8592,126.5932,20.508817434310913
62.1764,110.764,125.7176,20.54466938972473
62.0952,110.1104,126.5184,20.57675075531006
61.1816,112.0524,125.9692,20.60878825187683
58.6244,100.0944,123.4388,20.644710302352905
61.7492,111.754,126.4896,20.67662739753723
63.77,114.3124,127.64,20.70851159095764
59.3664,106.9128,125.5984,20.741450309753418
64.1032,113.0156,127.1432,20.776846170425415
61.9296,111.5408,126.0068,20.80881977081299
66.28,116.3108,127.8284,20.8447425365448
62.4512,109.8344,126.2024,20.876757383346558
65.1472,110.2864,125.0896,20.908798456192017
60.278,104.7852,125.638,20.944778442382812
58.2664,104.5768,122.5692,20.97667908668518
61.5556,113.2004,126.0068,21.014198780059814
61.2188,106.1152,125.5132,21.044734239578247
59.6656,108.5092,125.6672,21.076756715774536
58.4536,109.2892,122.75,21.112650156021118
63.5984,113.172,126.2796,21.144662618637085
61.8372,111.3232,126.4908,21.176639795303345
61.7248,111.6924,126.6144,21.20873188972473
58.116,106.1768,124.9284,21.244685888290405
61.4412,112.1836,125.8568,21.27670121192932
64.5,112.8012,126.6088,21.308733701705933
63.484,104.9572,123.2344,21.344698190689087
64.214,106.3992,125.624,21.37677001953125
65.668,114.7584,127.0812,21.4087815284729
61.8644,106.876,125.1644,21.444700956344604
61.9224,111.6048,125.9624,21.476524353027344
64.9484,112.4248,126.4304,21.508475303649902
64.9244,112.7748,127.1052,21.544686794281006
58.7428,107.5788,124.4836,21.57673454284668
63.2504,107.6392,124.5412,21.608755111694336
59.3468,109.77,125.6628,21.644689321517944
63.4216,104.9084,125.102,21.676780223846436
62.6024,111.6416,125.0584,21.70885157585144
59.6508,107.0448,125.044,21.744739055633545
60.4352,107.8136,124.8948,21.776772260665894
58.1576,107.4528,123.7752,21.8088321685791
58.5956,110.4116,125.5784,21.844754457473755
55.87,103.9464,122.9712,21.876787900924683
63.4736,111.8964,125.8864,21.90877676010132
60.4024,105.2016,124.8244,21.94475293159485
59.7656,104.9392,123.662,21.976754188537598
62.308,112.6276,125.54,22.008763551712036
61.9828,113.3176,125.8756,22.04477834701538
61.85,109.2952,125.9124,22.076797485351562
64.5156,108.042,124.32,22.108773708343506
59.1416,111.1144,125.5252,22.144777297973633
57.8032,103.5492,124.7788,22.176737546920776
56.6696,106.9044,121.542,22.20875597000122
62.0744,109.4948,125.7344,22.24471354484558
55.5216,103.1484,123.7052,22.276787519454956
59.004,108.3196,124.5712,22.308766841888428
60.1356,108.3452,123.6096,22.344767808914185
55.2176,106.0252,123.8016,22.376744270324707
62.5464,112.376,126.7536,22.408753633499146
60.5564,111.5792,125.8896,22.44480872154236
62.1496,109.8728,124.9204,22.476776838302612
59.8128,109.1688,125.594,22.508475303649902
58.978,106.8344,125.2304,22.54477071762085
54.8828,105.114,124.3472,22.57645535469055
60.9064,109.86,123.2508,22.608656406402588
62.2596,113.7628,126.8532,22.644707202911377
56.5896,108.1392,124.7464,22.67670464515686
63.756,110.0476,124.4764,22.708742141723633
64.6652,109.674,126.0372,22.744736433029175
57.846,102.484,124.4668,22.776697158813477
60.904,105.9124,124.9048,22.80875039100647
63.2596,105.0308,124.464,22.84476375579834
57.8312,103.2312,124.1272,22.876732349395752
56.3592,104.7656,123.7452,22.908797025680542
58.8312,108.2412,125.4312,22.94463610649109
56.1264,104.3512,123.2568,22.976667642593384
65.8704,115.7756,126.0548,23.008661031723022
61.0788,110.1892,125.9972,23.04453706741333
53.5736,99.7108,122.6688,23.07658553123474
55.4228,102.628,119.082,23.108606338500977
63.7584,111.2816,126.1404,23.144554376602173
56.9864,102.1156,123.6684,23.176536798477173
56.204,106.2652,122.3388,23.208640098571777
61.7716,111.3632,125.9728,23.244590759277344
56.0324,107.7116,124.4668,23.276551961898804
52.2832,100.6672,120.9456,23.30859065055847
59.1084,102.4996,121.5552,23.344574689865112
56.6352,107.7356,124.3748,23.3766028881073
62.7684,108.7248,126.0012,23.408649682998657
61.3492,112.3276,126.0828,23.44470763206482
57.6936,99.4528,122.8004,23.476720571517944
55.3276,104.604,124.2072,23.50883197784424
59.932,109.3564,124.9316,23.541136503219604
55.8548,100.9728,121.7956,23.57671570777893
59.8384,107.632,124.8508,23.608758449554443
63.0464,109.6616,124.1556,23.64108180999756
55.9164,103.714,122.4648,23.676764726638794
55.7252,106.2724,123.166,23.708519458770752
64.7036,115.48,126.8796,23.740757942199707
54.564,100.9776,122.2488,23.77658772468567
58.712,107.0432,125.8276,23.808892250061035
61.5684,110.8072,125.5848,23.844719886779785
53.1808,101.2272,123.0956,23.876675128936768
53.154,101.604,122.4644,23.908642768859863
58.3048,109.3736,122.3384,23.944761991500854
56.2104,102.168,123.5948,23.976640939712524
59.9564,104.5392,123.6876,24.00902509689331
60.3476,107.9456,124.404,24.044710874557495
56.0228,98.64,122.8792,24.076465129852295
55.176,99.2196,121.2356,24.10871982574463
65.4192,114.4916,126.1616,24.144673347473145
58.9036,110.162,125.4228,24.17672061920166
52.0044,100.7736,121.4664,24.208828449249268
60.1336,108.2144,124.8272,24.244750022888184
55.2152,105.4272,123.7932,24.276755809783936
52.59,100.438,122.5012,24.308827877044678
58.5704,107.54,124.9648,24.34477138519287
56.3052,105.9572,124.2464,24.37679171562195
52.5596,99.9712,122.0516,24.408774614334106
59.5052,110.2728,124.6788,24.44112491607666
55.8296,105.4952,123.9792,24.47681760787964
57.524,106.6108,123.6596,24.50875735282898
60.7456,110.7504,125.8416,24.540815114974976
58.7996,106.7524,124.4832,24.576586484909058
56.5056,107.3464,124.1592,24.60874605178833
66.1452,112.7548,125.6224,24.640671968460083
56.0052,102.2688,122.0208,24.67652916908264
56.4296,105.3908,124.3076,24.708537578582764
60.5168,109.3356,123.4536,24.74070405960083
56.332,106.1904,124.0756,24.776546955108643
54.1244,101.6476,122.97,24.808796644210815
64.8008,110.6316,125.3944,24.840893983840942
57.6616,105.8404,124.424,24.87674641609192
52.8376,101.3864,122.758,24.908785581588745
55.4308,104.6688,121.8784,24.940953731536865
56.0932,108.5524,125.0332,24.976886987686157
53.094,100.344,120.8364,25.008803367614746
57.1252,107.8036,124.834,25.040905237197876
58.6444,109.796,125.3588,25.077043056488037
54.4668,100.138,122.0648,25.10879111289978
61.9176,112.6764,126.2088,25.144779682159424
59.0772,110.9068,125.6888,25.17697048187256
57.4228,104.234,123.3404,25.20876979827881
57.7672,107.7904,125.166,25.244742393493652
67.022,107.7052,126.5624,25.276773929595947
54.5648,102.812,123.6984,25.30883264541626
64.824,113.3268,125.3384,25.34475612640381
58.8076,111.7916,125.9208,25.376823902130127
55.7752,104.7872,123.3096,25.408863067626953
60.2852,107.0532,120.8416,25.44087862968445
60.642,109.538,126.084,25.476839780807495
52.9496,99.6788,122.8048,25.508759021759033
52.694,101.4408,118.6212,25.540857076644897
64.89,110.1924,126.8564,25.57661461830139
56.7152,107.532,124.5692,25.608660459518433
57.9648,105.838,124.9396,25.640584707260132
58.748,110.5864,125.9564,25.67662239074707
54.4028,105.8956,123.6496,25.7086124420166
61.9416,112.0136,125.856,25.74089217185974
59.4072,107.1436,124.2092,25.776870489120483
60.2264,108.1292,125.5252,25.808884382247925
58.1916,106.226,124.6656,25.840912342071533
60.5912,110.5568,125.338,25.87691640853882
58.622,108.2708,124.7448,25.90880823135376
55.634,103.6516,122.6312,25.94090747833252
61.5596,107.9836,124.7884,25.976808071136475
55.2168,106.5404,123.9728,26.008897304534912
59.3988,108.9552,125.4944,26.040863513946533
61.892,112.1404,125.962,26.076868057250977
58.2908,105.7376,123.7716,26.108784914016724
57.8352,106.2468,125.2288,26.14095902442932
58.3928,108.0932,125.0852,26.176796197891235
57.2412,105.59,124.3948,26.208956241607666
58.4852,106.942,123.7956,26.240874528884888
65.2572,112.696,126.7024,26.276801586151123
59.1412,105.9524,124.0088,26.30888533592224
58.7516,106.742,124.2784,26.340721368789673
56.942,104.9704,124.7168,26.376867532730103
56.8912,109.2044,124.9596,26.408834218978882
62.256,112.678,126.5076,26.440834760665894
62.1964,111.452,126.506,26.476892232894897
56.5056,107.442,125.0628,26.508909702301025
56.3024,105.4308,124.4884,26.540876388549805
59.8272,108.4324,125.564,26.576839923858643
59.3256,108.478,125.3212,26.609790563583374
54.9796,102.2988,122.7844,26.6383535861969
61.8704,112.8528,126.722,26.676689624786377
59.6796,107.3512,125.2424,26.70959186553955
56.5448,105.4584,124.766,26.740617275238037
64.8256,110.0928,125.3828,26.776982069015503
57.5172,108.4312,125.4032,26.808895587921143
59.8368,104.43,124.4924,26.84083890914917
63.2896,108.0756,125.5956,26.876901388168335
58.7296,105.852,124.0472,26.908892393112183
57.2952,104.0276,124.072,26.940961599349976
65.1464,111.9588,126.3392,26.976879835128784
59.268,103.512,124.8704,27.00885772705078
56.8808,102.5428,124.264,27.040891408920288
58.7624,108.2216,125.9628,27.076871395111084
58.5928,107.7016,124.5816,27.108776807785034
57.9616,105.1452,124.0184,27.140889406204224
61.634,111.542,126.3312,27.17684292793274
57.9676,108.5528,125.364,27.20888090133667
54.7304,102.6468,124.502,27.240825414657593
58.8376,107.7076,125.1944,27.276857376098633
54.9804,106.272,124.7184,27.30885934829712
56.2896,99.7508,121.4508,27.34088158607483
61.68,111.1404,126.4084,27.376848936080933
60.3808,101.5832,123.9284,27.40891122817993
56.5872,100.398,123.5152,27.44083070755005
60.9176,109.5344,125.9372,27.476834297180176
58.9368,107.2992,125.3156,27.508880853652954
54.8964,100.0812,121.9924,27.54090142250061
53.2784,100.7712,117.744,27.576847076416016
56.0036,104.6216,125.1732,27.608865976333618
53.7676,101.014,123.9984,27.64070153236389
55.1328,105.9752,124.3472,27.672916412353516
58.3596,111.168,125.8444,27.70884680747986
53.0232,102.6416,123.322,27.74085235595703
55.208,107.2436,123.15,27.772921562194824
57.5272,109.8248,125.7804,27.808839797973633
56.082,104.8632,124.3872,27.840843439102173
61.9028,109.5688,126.1076,27.87687373161316
56.386,100.9684,123.562,27.908793926239014
58.456,100.2868,123.9372,27.940891981124878
62.7236,111.8752,127.1204,27.976882696151733
59.4936,106.75,124.6908,28.00883674621582
56.6784,107.348,125.5056,28.04087519645691
58.8456,109.5424,126.0324,28.07696008682251
56.7976,107.3864,125.0988,28.10891819000244
53.632,102.6836,124.286,28.14085054397583
57.6852,107.0188,125.3568,28.176830530166626
58.4052,106.2904,125.382,28.20886254310608
53.2108,103.0672,124.324,28.24086904525757
56.1932,109.4444,125.3964,28.276884078979492
61.174,107.0624,125.2908,28.30886435508728
53.3488,100.8856,123.366,28.340846300125122
57.4376,106.6972,123.6248,28.376810550689697
59.1004,106.1232,124.6312,28.408830642700195
54.3084,101.2916,122.9744,28.44081139564514
57.2572,100.8584,124.1412,28.476898908615112
59.2884,109.2476,125.8472,28.508856058120728
57.228,100.6952,123.0524,28.540833473205566
53.2884,102.4772,124.3212,28.576655626296997
60.4468,108.7092,125.5408,28.60867190361023
54.6204,105.604,124.24,28.64057493209839
60.8728,110.77,126.2328,28.672671794891357
64.4428,103.6704,125.3656,28.708630084991455
55.5164,103.9972,124.0848,28.740846157073975
56.1604,107.336,124.956,28.772780656814575
58.9604,110.158,124.6028,28.808878421783447
54.5636,105.0792,124.5008,28.840851068496704
55.2196,104.356,124.8996,28.87288737297058
62.0232,110.8472,126.4312,28.908843517303467
52.1388,105.1152,124.3832,28.940881967544556
54.1064,106.4652,124.2324,28.972896575927734
60.3488,108.3348,124.994,29.008836030960083
54.0476,103.4404,123.8668,29.040865898132324
56.3904,104.602,125.4092,29.072927951812744
62.1372,105.982,125.0764,29.108781099319458
54.8536,103.718,124.886,29.14085817337036
60.4172,100.6716,125.908,29.172925233840942
58.1196,107.406,121.7588,29.208810567855835
49.9668,103.8192,123.5088,29.240851402282715
52.8832,103.9276,123.9244,29.27680230140686
59.232,105.1504,125.1296,29.308578729629517
48.4464,101.57,123.024,29.34095001220703
51.5644,106.9452,123.272,29.376660346984863
61.9784,115.6584,126.8324,29.40868592262268
52.5696,107.8804,124.4764,29.44059109687805
52.0504,103.6352,120.9472,29.476693868637085
57.9244,108.3056,124.576,29.508797883987427
52.4392,104.2764,124.1244,29.5408718585968
56.3992,108.134,125.4764,29.576873064041138
64.7128,115.1256,126.2956,29.609046459197998
56.8992,107.5964,124.5324,29.6408052444458
50.598,101.4692,124.3692,29.672694444656372
58.9328,109.3144,125.6392,29.708648443222046
55.1604,106.6256,125.0796,29.74087166786194
51.282,107.8096,122.6376,29.77281951904297
52.066,103.284,118.508,29.808860778808594
52.7124,109.5752,125.1264,29.840922117233276
48.3308,100.348,119.998,29.872979164123535
55.2752,110.8932,123.7968,29.90887188911438
55.5968,110.812,125.5836,29.94087266921997
47.3244,97.704,118.856,29.972875356674194
63.9956,118.6952,127.4984,30.008878707885742
58.4656,111.7116,125.6512,30.040703058242798
50.3788,102.6744,122.7556,30.072952270507812
57.1096,111.6148,124.3432,30.108850240707397
54.4904,105.38,123.8308,30.140920400619507
50.9152,101.3704,120.3,30.1729679107666
59.5972,110.5104,121.478,30.20888876914978
56.8948,101.1832,120.9052,30.24094820022583
49.574,101.524,121.2904,30.272971391677856
56.1536,114.8684,124.5208,30.30875515937805
60.9644,117.9232,125.9104,30.340907096862793
50.3336,102.8908,120.1548,30.373375177383423
57.518,109.4708,125.17,30.40891742706299
51.2704,104.9512,123.1564,30.440854787826538
51.1316,97.1344,120.422,30.472920417785645
61.4776,117.286,126.6964,30.508860111236572
56.3076,110.5372,124.6612,30.54085636138916
51.5592,97.632,118.9064,30.572959661483765
56.7752,112.3296,125.5868,30.607885360717773
57.3964,110.8852,125.1092,30.639134168624878
50.5596,105.2312,122.8932,30.672895193099976
53.7568,111.2244,122.5564,30.708686351776123
57.3592,106.6808,123.8756,30.738795280456543
53.532,100.6724,122.51,30.774624824523926
55.208,110.5852,123.5872,30.808990240097046
57.9876,109.7436,124.2776,30.840944051742554
49.598,104.6436,122.4196,30.872960567474365
50.2156,106.9908,121.5036,30.908934116363525
54.2972,111.4796,124.5664,30.940929889678955
49.4488,101.564,122.0328,30.972920417785645
52.9008,108.2108,121.6396,31.008946418762207
55.7116,112.3028,124.892,31.0411114692688
55.13,104.654,123.722,31.07310390472412
56.6596,111.8976,125.6116,31.108920574188232
58.9604,113.0864,125.4992,31.14107656478882
53.9996,106.1452,123.092,31.173182725906372
57.012,109.2068,124.3416,31.208740234375
59.5692,114.1424,125.4988,31.240755319595337
51.4604,99.206,120.806,31.272995948791504
53.328,108.8664,124.0928,31.30875325202942
60.8712,111.7436,124.3496,31.340732097625732
49.9716,101.6104,121.2256,31.37278938293457
52.0584,105.6136,122.582,31.408751487731934
57.5328,108.7736,123.85,31.440740823745728
51.2148,106.624,122.154,31.47299313545227
51.944,110.4044,123.6592,31.508754014968872
62.4316,111.0044,125.2884,31.540847539901733
50.4976,103.3724,121.9268,31.572895526885986
53.0984,107.5372,122.8256,31.608893632888794
62.2968,114.522,125.4592,31.640913009643555
52.9552,106.408,122.72,31.672961950302124
49.138,105.7968,121.8248,31.708643436431885
57.658,111.6884,124.5488,31.740689277648926
51.1288,107.7236,122.7864,31.772714853286743
50.6772,108.6264,119.9952,31.804779291152954
56.4176,110.6804,124.7712,31.84093451499939
54.738,108.708,123.4628,31.872786045074463
56.0764,112.1008,124.354,31.90890908241272
57.7996,112.3808,124.72,31.940723657608032
55.8064,105.7496,122.6052,31.972641229629517
53.73,106.4556,122.4016,32.00867676734924
64.4216,118.2844,126.7852,32.04092478752136
53.4728,106.0884,123.4956,32.0729866027832
48.67,105.624,122.3076,32.108938694000244
57.128,111.4024,125.6564,32.1409695148468
55.772,110.9168,123.6352,32.17295694351196
52.922,108.4204,123.1356,32.208964109420776
55.8052,110.6644,124.6032,32.240925788879395
52.654,105.1408,123.3296,32.27301836013794
49.182,103.3764,122.2596,32.30905795097351
57.0624,114.222,124.2324,32.340994358062744
51.7808,105.6476,122.6972,32.373021364212036
49.0576,102.8764,120.8652,32.40896773338318
60.0872,113.592,125.2708,32.44095206260681
57.8644,109.1748,124.338,32.47297549247742
51.016,109.1764,123.2824,32.50894641876221
57.4016,110.8636,124.5576,32.54089045524597
53.0576,102.8804,122.2008,32.572882652282715
51.992,105.13,122.376,32.60891819000244
60.888,117.6496,125.918,32.640952348709106
55.5376,111.4784,124.7568,32.67274737358093
46.1316,99.7784,119.1244,32.70867109298706
57.0204,108.7272,123.3196,32.740750551223755
55.1764,107.5712,122.9276,32.772698163986206
47.194,101.1736,120.7392,32.80477547645569
50.582,107.8772,123.1456,32.84071063995361
53.2332,108.0024,123.96,32.87297010421753
51.4584,105.6248,123.0208,32.90497088432312
59.124,111.4512,124.0508,32.940746545791626
56.5816,109.544,124.2056,32.97290873527527
50.2992,104.3316,123.1524,33.005030393600464
53.5624,112.42,124.4864,33.04094409942627
58.3344,109.6092,124.3848,33.07298183441162
49.7292,102.7908,120.8868,33.10494875907898
54.1776,112.7216,125.3644,33.14088726043701
54.2684,104.3172,123.2452,33.17291235923767
52.1528,108.6776,122.996,33.20494341850281
52.4968,109.3312,123.7896,33.24087738990784
57.3804,104.426,122.4208,33.272992849349976
52.8948,107.768,123.5324,33.30898904800415
48.9636,106.4036,121.3324,33.34092450141907
52.9656,107.5584,124.4596,33.37296390533447
52.5348,102.7984,121.776,33.40892696380615
56.8968,115.7536,125.8668,33.44090223312378
53.4684,108.9216,123.6828,33.47288417816162
51.1428,108.4068,123.2108,33.50897216796875
50.0596,108.7436,122.7944,33.54090976715088
56.1832,110.6148,123.9748,33.572882652282715
53.936,108.6752,122.4168,33.60897254943848
52.2152,110.7248,123.8496,33.64086174964905
58.3876,114.2812,125.85,33.673401832580566
54.3096,100.7312,121.19,33.70893883705139
51.102,108.6028,123.6672,33.74097943305969
70.1716,109.0928,127.1212,33.77270841598511
54.8008,103.9612,122.6304,33.80482745170593
54.1576,110.8328,124.1224,33.84067487716675
60.1812,108.1636,122.8112,33.8727445602417
53.146,104.9184,122.7932,33.904757022857666
49.2144,106.4308,123.138,33.941038370132446
56.8316,105.9716,122.9952,33.97295641899109
56.8852,104.9804,122.6048,34.00511193275452
52.5704,109.4784,123.5836,34.04097104072571
57.7056,112.792,124.806,34.07299733161926
58.092,101.8316,122.4624,34.1050500869751
51.9824,110.2008,123.0668,34.141069412231445
60.9972,114.258,124.9836,34.1730010509491
56.7224,109.7328,122.9624,34.205090284347534
48.7428,105.5828,122.0952,34.24092984199524
54.3664,104.7364,122.6112,34.27304816246033
54.18,107.7684,122.708,34.30501079559326
49.6316,106.1472,122.2864,34.34096622467041
55.9568,108.4412,123.9672,34.37313652038574
54.8452,105.5784,122.8412,34.405044078826904
49.5708,105.4672,121.9376,34.440974712371826
60.6272,113.196,125.2888,34.47297215461731
50.3268,104.3596,121.7904,34.505051136016846
48.5388,106.8396,119.7388,34.54095506668091
60.8388,112.9868,125.3456,34.572964668273926
58.3688,108.5248,123.5756,34.605088233947754
48.5456,106.5848,122.0272,34.64138436317444
55.1768,112.6508,125.0888,34.67299151420593
58.1632,110.3904,123.7732,34.710694313049316
46.1852,103.7652,119.5468,34.74093413352966
54.6444,110.9304,124.52,34.773213386535645
55.992,104.1356,123.06,34.80501055717468
50.0404,104.8232,121.804,34.8409526348114
59.1908,113.0352,125.242,34.87302827835083
52.9392,106.1456,123.288,34.90493822097778
45.062,101.5948,117.8744,34.94101309776306
57.9636,115.1608,125.8092,34.97296929359436
53.8444,108.4908,124.1776,35.00498723983765
49.5248,104.9464,121.9244,35.04100298881531
54.3108,111.0448,122.512,35.07295274734497
57.1144,108.698,123.7448,35.10496115684509
49.632,103.18,121.6252,35.14101481437683
55.7984,112.338,124.9404,35.173041343688965
55.6128,108.7076,124.2528,35.20498824119568
53.6004,105.3448,122.1084,35.24098253250122
58.79,116.05,125.928,35.27297759056091
56.4844,110.6284,124.3732,35.30496644973755
52.156,101.5948,120.0436,35.34092950820923
53.552,109.6156,124.0156,35.3729829788208
57.6248,110.316,124.0096,35.40497040748596
53.0624,99.5384,119.3388,35.44093084335327
56.5568,107.984,123.8588,35.47285008430481
51.8824,104.1792,123.1896,35.505014181137085
51.1044,101.4164,119.7664,35.54093551635742
52.0152,106.4356,122.3752,35.57292437553406
52.9324,106.15,123.388,35.60502529144287
52.218,101.7364,121.01,35.64094400405884
56.764,112.6604,124.3332,35.67294692993164
55.5204,108.8508,123.6164,35.70498323440552
46.3728,100.4224,119.9784,35.740772008895874
54.168,113.6612,123.6968,35.772948265075684
50.3472,106.3528,123.2276,35.80475616455078
46.164,98.8252,119.3656,35.84065794944763
54.1644,113.702,123.3384,35.87290692329407
51.9268,104.0208,122.8752,35.90502381324768
48.8992,100.4132,120.866,35.94092512130737
52.214,109.9872,122.7388,35.97292923927307
61.3216,102.8968,125.3592,36.00502157211304
49.3056,106.8832,121.2812,36.04095101356506
49.948,108.7456,120.6764,36.07296681404114
53.7508,106.094,123.2548,36.104984998703
55.582,95.6492,121.5824,36.140990018844604
51.2952,108.5532,122.3112,36.17292022705078
50.4632,103.7336,122.6604,36.20503258705139
53.4452,104.658,121.4864,36.24090886116028
52.354,106.8184,122.6832,36.27302575111389
52.7832,108.3832,123.756,36.304973125457764
48.3572,100.1924,121.1424,36.34091567993164
54.9804,107.478,122.4644,36.37299561500549
51.9248,104.1076,122.5872,36.404982805252075
51.1136,102.73,121.4404,36.44097328186035
50.5148,107.9044,123.2448,36.47294068336487
58.0716,111.0644,123.8644,36.50503468513489
52.3608,102.704,120.4264,36.54098081588745
52.8708,110.2552,121.7768,36.57297468185425
53.2824,105.3664,122.7852,36.60515856742859
50.6324,101.5028,122.1616,36.64089798927307
51.0392,108.232,122.534,36.67297148704529
52.3524,107.53,123.316,36.705034494400024
52.9956,98.6072,123.0916,36.74097299575806
56.0076,112.1584,123.754,36.772963762283325
52.402,107.6728,123.6136,36.80501961708069
59.528,100.2204,124.9864,36.84075379371643
50.6832,106.0224,122.2824,36.87299156188965
51.2424,105.6444,121.8952,36.905295610427856
50.61,102.5944,121.76,36.94088792800903
50.4744,107.1632,121.9568,36.972933769226074
53.7548,110.4916,123.3528,37.00519800186157
53.7448,99.312,121.6556,37.037086486816406
48.4248,102.9464,121.6496,37.073036670684814
52.8736,109.126,123.9096,37.105024576187134
51.2232,103.722,122.7428,37.13713359832764
48.518,103.6076,120.594,37.172908782958984
51.6736,109.9268,123.3956,37.2050986289978
49.5768,101.956,121.854,37.237080097198486
54.1324,108.4996,123.2052,37.27297282218933
55.792,113.72,124.4044,37.30498790740967
49.4772,104.9144,121.5624,37.340933322906494
52.21,107.1108,122.856,37.373151540756226
56.658,113.6752,125.0844,37.405030488967896
51.134,101.6912,122.5772,37.440921783447266
48.5496,103.3872,120.3376,37.47335195541382
54.302,110.4668,124.2576,37.50503396987915
54.414,106.978,123.1704,37.54094886779785
52.888,106.5088,122.512,37.572977781295776
53.0584,110.974,124.082,37.60461139678955
51.9828,104.3368,122.7156,37.64097189903259
54.384,105.6424,123.1484,37.6729998588562
53.4932,102.1356,120.1616,37.705058097839355
51.0116,103.4848,122.4484,37.74097919464111
45.6032,97.3884,118.6844,37.772987604141235
56.632,112.4652,125.0812,37.80511426925659
52.366,102.564,123.3908,37.84109401702881
53.1336,102.3064,121.9908,37.87300157546997
54.5016,112.112,123.9848,37.90508246421814
51.0092,103.1408,122.5984,37.93716049194336
52.496,107.4572,122.4892,37.97299671173096
53.0852,106.6988,122.7244,38.005133628845215
52.7232,105.9852,122.8384,38.03717017173767
49.9968,102.8484,121.6752,38.072988986968994
50.5636,108.9884,121.9792,38.105161905288696
50.9388,101.8588,122.2964,38.136887311935425
48.2468,103.37,121.8256,38.17308592796326
52.1048,110.3888,123.2764,38.20508289337158
50.5716,104.224,122.1308,38.23708462715149
49.7292,105.9844,120.5352,38.27302360534668
55.1244,112.074,124.566,38.30506157875061
50.2232,106.0992,122.792,38.337092876434326
49.9612,103.052,121.4016,38.37291860580444
57.2976,112.912,123.5536,38.405086278915405
57.6416,105.4672,121.2528,38.43704891204834
50.1928,105.9276,122.6332,38.47306036949158
56.9532,111.0936,122.6396,38.50506091117859
49.5124,96.1372,119.7172,38.53709435462952
51.9172,106.4224,123.4216,38.57302141189575
51.6312,107.114,123.1076,38.605085134506226
52.6072,105.672,123.4548,38.641056537628174
49.2712,99.6772,120.648,38.6730432510376
56.3712,112.1768,124.4556,38.705063581466675
51.9412,107.116,123.7936,38.741103649139404
49.6236,102.0248,122.2376,38.77303194999695
56.9788,110.184,124.6728,38.805081605911255
51.886,106.5352,123.4836,38.841060638427734
53.1152,99.1352,121.3032,38.87303066253662
51.4932,107.0248,121.658,38.904824018478394
55.8288,112.7084,124.8168,38.93708395957947
56.0492,110.1352,122.8372,38.97306799888611
56.8104,109.1504,123.8768,39.00505018234253
53.6404,102.974,121.706,39.037087202072144
51.494,100.3076,120.2108,39.07287859916687
52.7956,108.3172,122.4012,39.1050238609314
48.4576,102.1628,121.9532,39.137155532836914
50.3756,103.1076,122.5316,39.17335653305054
56.7788,111.126,124.64,39.20487093925476
54.8272,109.5816,124.2404,39.236974239349365
52.3668,107.0408,123.4696,39.27246809005737
53.4372,106.1264,123.1824,39.303242444992065
53.9772,111.5972,124.3972,39.33687400817871
52.978,101.1684,122.5952,39.37287354469299
54.8232,106.9496,119.9732,39.4052894115448
53.22,106.066,121.8168,39.43713426589966
51.34,107.0264,123.4564,39.474533796310425
54.1936,108.0324,123.6148,39.50508189201355
54.1748,109.2472,123.8148,39.5371618270874
46.94,100.4588,121.4868,39.57307171821594
45.3304,97.3852,115.5908,39.605106592178345
54.3336,109.0808,123.5888,39.63710951805115
49.0216,101.5504,122.4308,39.673094749450684
54.1916,109.0468,124.1296,39.705055952072144
54.8636,108.812,123.144,39.73711276054382
50.6544,104.9468,122.8044,39.77304148674011
55.334,104.176,121.6708,39.80504894256592
54.3808,106.8464,123.3168,39.837039947509766
49.33,101.3476,122.0944,39.87334179878235
50.3788,106.342,123.2344,39.90489411354065
54.9956,100.1908,123.0084,39.936890602111816
46.284,101.9232,122.3272,39.973015546798706
53.3544,104.1264,122.8164,40.00507402420044
54.5456,104.9068,122.1176,40.03699326515198
49.258,104.0152,122.7368,40.07302904129028
50.2792,102.096,121.7196,40.10508704185486
52.8752,109.7532,123.0152,40.137099266052246
47.5916,105.8556,121.382,40.17305016517639
49.3868,102.5768,121.532,40.205082416534424
55.5776,110.8376,124.2088,40.23709678649902
49.2104,102.5636,122.9136,40.27304244041443
49.8072,100.4528,121.8944,40.3051061630249
54.6184,112.272,124.424,40.33714151382446
48.994,97.9688,120.772,40.372984409332275
51.9284,104.8264,123.2876,40.40506196022034
55.7628,109.9028,123.676,40.43711829185486
46.8032,101.2736,121.8416,40.473092555999756
48.5408,101.842,121.6752,40.50501990318298
50.7848,105.3432,123.4164,40.53713035583496
46.8756,104.6384,121.5392,40.57304501533508
49.6584,106.7636,122.328,40.605098247528076
56.7008,108.3572,123.4692,40.63703155517578
50.3504,98.2324,121.8396,40.6731231212616
47.7536,103.0196,122.038,40.70513296127319
57.084,100.5432,120.8648,40.73568272590637
50.9056,99.978,122.5804,40.77305340766907
46.5404,102.7304,120.1644,40.80515456199646
64.4608,107.8976,126.1036,40.836944580078125
49.9696,102.348,122.0572,40.87307834625244
49.286,107.1048,123.634,40.9050178527832
54.756,109.6004,122.9444,40.936941146850586
52.994,102.258,123.036,40.972896337509155
48.3328,98.9044,118.5964,41.00488471984863
52.3068,111.3148,123.2864,41.03688931465149
45.8288,103.5108,122.2728,41.07284331321716
46.4352,101.2096,121.324,41.10511612892151
48.8676,108.0,119.8396,41.13704586029053
48.9476,103.8016,122.1548,41.16900062561035
45.8828,102.5884,121.3564,41.20509219169617
54.5076,112.6724,123.6736,41.23703360557556
49.256,105.4016,122.782,41.26920676231384
49.4032,98.0224,120.254,41.30507946014404
54.8108,112.534,123.412,41.337225914001465
50.148,109.3836,123.726,41.3731472492218
48.6324,104.3076,122.2832,41.40510439872742
57.9884,116.2188,125.4364,41.43714213371277
48.5588,104.5932,122.1352,41.473132610321045
49.7084,97.7492,121.8228,41.50508165359497
52.8104,111.2444,123.892,41.53710436820984
52.0408,110.6016,123.8604,41.57293748855591
41.998,100.2552,119.1588,41.605061054229736
58.0048,115.8064,125.0876,41.637072801589966
52.3468,111.6224,124.1464,41.67311120033264
44.124,97.6664,120.1616,41.70503354072571
56.886,115.8884,124.9244,41.737107038497925
51.8708,112.1888,123.7836,41.7730712890625
46.0596,96.698,121.0808,41.80514693260193
53.7156,113.7712,124.9472,41.83692288398743
53.984,102.3696,121.2936,41.872885942459106
45.8568,102.7796,121.7272,41.904972553253174
54.7692,111.3696,124.8732,41.93703603744507
53.9868,110.3608,124.2768,41.9729688167572
45.8784,103.2868,121.9544,42.004862546920776
51.232,109.5756,123.562,42.036906719207764
53.7424,111.7636,125.0124,42.07309651374817
44.7868,103.062,121.4196,42.1050922870636
49.1996,109.0564,120.3584,42.13707661628723
57.7572,110.3968,124.2416,42.16912388801575
46.1804,102.1752,122.266,42.20507740974426
48.9572,108.8384,122.2416,42.237066984176636
56.0564,111.0448,123.4692,42.269187688827515
48.7964,103.2916,121.9424,42.305044174194336
48.6788,107.4864,122.948,42.337156534194946
52.404,107.4856,123.56,42.36908745765686
45.344,104.9276,121.778,42.40507364273071
48.3208,105.1744,121.2624,42.43706941604614
53.536,112.7336,125.0228,42.46901607513428
47.7252,106.3692,123.3284,42.50509572029114
46.5912,104.2104,123.0628,42.53712463378906
52.5144,108.3284,123.9448,42.56901168823242
50.2164,109.3616,123.1032,42.6050660610199
50.1564,107.522,124.6376,42.63710331916809
56.1616,113.054,125.482,42.66910910606384
45.9684,102.9356,122.4816,42.70503902435303
42.4796,98.6144,116.9064,42.737069845199585
59.9192,115.8892,126.0624,42.77301478385925
46.5424,105.5384,122.8184,42.80522704124451
41.898,99.1756,118.8296,42.83719491958618
52.746,111.1284,124.728,42.87312173843384
48.1768,102.3336,121.9696,42.905022621154785
46.0856,104.01,121.9156,42.93710541725159
54.0304,114.2112,124.314,42.97301387786865
49.2424,106.7412,122.9648,43.00488066673279
48.7552,106.4964,122.7128,43.037102937698364
55.2208,111.87,124.6884,43.07312059402466
51.5008,101.8328,121.0392,43.10512614250183
46.7236,100.0392,120.4788,43.137080669403076
50.8092,110.286,123.8348,43.16915273666382
51.3428,108.8436,123.0844,43.20506262779236
50.4412,104.1892,121.506,43.237305641174316
49.6996,107.5332,119.2416,43.2690703868866
51.9788,107.6684,123.0028,43.30506706237793
44.0788,102.5668,121.0468,43.33712029457092
55.4412,106.5944,123.5656,43.36910104751587
50.4664,104.2896,121.058,43.4051673412323
45.4688,101.8252,120.0208,43.43711590766907
52.2764,111.1844,124.288,43.4692018032074
50.9684,105.5256,123.0328,43.50506782531738
45.9968,100.2992,120.224,43.537118434906006
52.756,111.766,123.4,43.569225549697876
50.672,107.606,123.4344,43.60507822036743
47.7392,107.5872,122.1412,43.63712739944458
59.408,114.376,125.684,43.669243812561035
51.8756,105.1112,122.3892,43.70504665374756
44.7736,103.6448,122.4256,43.737138748168945
57.1236,113.2404,124.8488,43.769262075424194
52.112,108.38,123.7556,43.80525350570679
45.0128,101.52,121.8512,43.837140798568726
58.6064,109.8404,122.8992,43.86927270889282
53.9456,109.4696,123.748,43.905367612838745
49.4012,109.0668,123.228,43.93720364570618
55.5144,114.4828,125.8152,43.9691801071167
53.7352,111.8736,124.3988,44.00506138801575
46.4864,104.138,122.908,44.03880429267883
54.618,109.4764,120.6064,44.06899952888489
57.154,107.63,124.3108,44.10180377960205
47.904,105.9264,122.8288,44.13699460029602
48.1496,103.9732,118.376,44.16925120353699
52.3604,108.5656,123.8636,44.20516109466553
44.7824,105.188,121.6688,44.23714852333069
49.3632,107.376,121.4588,44.26929688453674
49.0248,105.9164,123.6148,44.30509901046753
49.376,102.764,119.8708,44.3371798992157
55.7212,114.8256,125.0232,44.36953687667847
54.3796,106.4424,120.1228,44.4050989151001
47.2152,100.2396,120.7624,44.437172651290894
52.4376,112.2288,125.1096,44.46918606758118
51.716,109.6096,124.558,44.50513768196106
45.8752,101.262,122.0352,44.53718304634094
48.252,110.3264,120.3592,44.569252014160156
54.424,112.1272,125.4864,44.60515332221985
45.9404,102.476,121.6648,44.63719820976257
44.892,102.9276,121.7388,44.66925001144409
52.2544,105.9312,123.4536,44.70518732070923
49.3448,109.6624,123.4648,44.73719096183777
54.0868,113.9016,125.0492,44.769251108169556
54.7128,111.3756,124.5056,44.80524492263794
46.6172,106.492,123.0456,44.837153911590576
50.3352,110.3056,123.3884,44.86934018135071
52.5448,107.1828,123.9456,44.90515971183777
49.9684,107.7144,123.09,44.93719673156738
53.7064,112.8956,124.8724,44.969194412231445
52.4588,106.5432,123.5572,45.00519418716431
48.1492,103.664,122.2496,45.03684997558594
44.8908,105.51,122.488,45.06895613670349
55.9836,112.9896,125.2204,45.10499143600464
52.5784,105.4284,122.368,45.137144327163696
44.5212,104.5884,122.2908,45.16923999786377
54.7896,109.7456,124.5328,45.20517683029175
52.9512,99.5636,122.0704,45.23715543746948
46.0412,104.7584,122.0184,45.26942253112793
52.7088,107.9652,123.3724,45.301130056381226
48.9724,100.3156,121.2268,45.3386390209198
45.0084,106.3324,121.9124,45.369168519973755
54.7212,109.194,123.792,45.4054856300354
45.0016,101.4832,121.3016,45.43714904785156
46.2828,106.6776,121.9344,45.46918249130249
52.9708,109.0128,124.7552,45.50515270233154
52.5764,99.82,121.5268,45.537182331085205
46.5668,104.3916,122.4588,45.569225788116455
51.2232,107.5972,124.3204,45.60519862174988
46.9784,105.426,121.3088,45.63346767425537
50.7504,111.514,123.7916,45.66923141479492
55.5456,114.6832,124.5016,45.70386266708374
52.2612,104.7936,121.3436,45.7371461391449
46.4548,104.3612,121.248,45.76917791366577
52.6372,106.7236,123.32,45.805187702178955
46.8456,105.044,122.3444,45.837093114852905
45.422,103.4128,119.8844,45.86913275718689
52.2648,105.7984,123.2908,45.90515089035034
52.934,102.9948,122.0776,45.93708324432373
48.536,103.7852,121.8892,45.96921515464783
56.3568,114.4632,124.4752,46.005154848098755
52.5544,103.424,122.4396,46.03731346130371
48.1816,105.8896,122.5708,46.069171667099
54.2416,109.2432,124.3868,46.105172872543335
49.998,101.8268,122.4684,46.1371431350708
46.15,102.9264,121.2112,46.16913342475891
54.2972,112.4304,125.4428,46.20513081550598
49.8096,103.5264,121.4076,46.237173318862915
45.0884,102.4788,121.566,46.26923131942749
52.6996,112.5172,124.9276,46.30127811431885
53.4948,104.8864,121.9272,46.33717727661133
47.2796,105.4024,121.648,46.369142293930054
50.6884,109.16,124.1068,46.40122199058533
51.3616,107.5444,123.142,46.437060832977295
50.1788,101.3664,122.6264,46.46926164627075
52.3852,110.578,124.3112,46.50120830535889
48.01,103.2064,122.33,46.537211418151855
42.2064,96.9336,118.6904,46.56926417350769
51.684,113.2888,124.6032,46.601195335388184
49.7424,105.3652,122.7676,46.637099504470825
41.6688,98.9892,119.8528,46.669235944747925
54.766,111.726,124.5684,46.70120358467102
50.3672,106.432,122.532,46.737326860427856
40.2312,97.6588,118.4248,46.769206285476685
50.3032,110.2524,123.6816,46.80537509918213
58.118,98.8052,123.2336,46.83723568916321
41.0732,97.1764,119.23,46.86920690536499
49.754,110.3332,123.7328,46.90531873703003
50.2636,109.2144,123.0816,46.9372296333313
46.1148,97.9452,118.494,46.969231605529785
46.4828,106.0956,122.3644,47.00516438484192
48.4148,104.7088,122.7832,47.03768301010132
41.8424,98.1644,119.518,47.068984031677246
52.3716,113.8664,124.494,47.10519313812256
51.4284,106.6196,122.9412,47.13718128204346
45.2028,99.6664,119.7824,47.169124364852905
47.8876,107.2544,120.1092,47.205084800720215
51.716,108.4496,123.6376,47.23707723617554
45.908,101.5912,120.0272,47.269145011901855
51.9116,109.408,123.0704,47.301143646240234
52.16,108.5668,123.5532,47.337252378463745
45.5076,100.4256,120.56,47.36915898323059
48.934,108.0784,122.4272,47.40122985839844
51.366,105.7416,122.8732,47.43720507621765
46.6552,97.4332,120.6864,47.46919536590576
48.6588,108.1196,123.3428,47.501193046569824
50.3388,103.7804,122.0872,47.53720545768738
45.3956,96.9584,119.5956,47.56914281845093
49.1748,109.1676,123.4436,47.603455781936646
50.3292,104.3032,122.8668,47.63584542274475
43.542,95.0904,119.0744,47.669161558151245
46.9796,106.6248,122.3076,47.70122814178467
51.128,106.614,123.3932,47.737168073654175
47.6172,100.2668,118.658,47.769163608551025
44.6052,103.978,118.6908,47.80126333236694
51.6716,108.4924,123.7504,47.83721661567688
51.6372,104.9152,121.722,47.86917495727539
47.7288,107.4036,122.4484,47.901214599609375
52.3888,103.9168,121.7904,47.93721318244934
45.9948,100.6148,120.964,47.96923112869263
44.924,100.6272,120.6048,48.00125503540039
52.1224,111.9284,124.568,48.037144899368286
49.0228,104.2216,121.7008,48.06915068626404
46.8032,105.8456,122.0716,48.10497546195984
50.8448,106.0136,123.3588,48.13700079917908
46.5248,96.938,119.9792,48.16902709007263
51.4952,110.5848,123.9068,48.20498967170715
55.4508,113.022,124.5192,48.236987829208374
45.7016,101.3416,121.0976,48.26900672912598
46.9872,105.6284,121.834,48.30102276802063
54.7592,110.208,124.1804,48.33696460723877
49.7592,98.5444,121.4376,48.3690128326416
46.1592,102.6276,119.8308,48.401087284088135
45.004,103.1148,121.1576,48.43723249435425
48.1576,102.7968,121.3988,48.46915888786316
43.8316,101.2664,120.5304,48.50104522705078
48.3904,108.9616,123.3476,48.537163734436035
46.196,101.6308,121.572,48.56916427612305
48.0124,107.2844,121.6548,48.60123300552368
53.876,114.5344,124.4708,48.63715219497681
47.7292,101.116,121.5076,48.6691210269928
47.7688,100.1832,121.3036,48.70120167732239
48.0456,105.7664,123.1596,48.73718452453613
48.6348,100.8824,121.9808,48.76914930343628
45.966,103.6232,121.7076,48.80121850967407
52.6572,112.5796,124.9484,48.837172985076904
53.8768,103.7348,121.7236,48.869229555130005
41.4304,98.8504,117.6848,48.90123772621155
57.1384,108.5656,125.3832,48.93718981742859
52.8,102.5696,121.8576,48.96920967102051
42.0468,97.0928,118.3996,49.00126576423645
54.4,107.216,123.5396,49.03719425201416
51.488,94.9684,118.4804,49.06916952133179
43.1144,97.5264,115.354,49.101155042648315
56.4088,109.3536,125.2568,49.13698220252991
49.6364,99.078,120.612,49.16896677017212
48.5012,100.836,121.1704,49.20111846923828
50.3292,107.2052,122.7924,49.236928939819336
47.8784,103.7916,122.4252,49.26927423477173
44.1712,101.1024,119.946,49.30131196975708
46.4384,107.3372,122.4076,49.337186098098755
47.6816,104.3976,122.8704,49.36916160583496
48.0748,100.846,119.618,49.40121388435364
48.9424,106.978,123.0816,49.437143087387085
49.0924,103.2072,122.504,49.46914792060852
48.9524,99.7004,119.8704,49.50117325782776
53.5884,111.1612,123.3124,49.53720188140869
49.394,104.9276,122.5876,49.56919050216675
44.84,98.9008,119.6752,49.6014289855957
49.2028,107.6368,123.0528,49.63712668418884
50.2684,105.716,122.3996,49.669381618499756
47.4428,102.7688,121.148,49.70202112197876
53.0156,111.396,123.9824,49.737241983413696
46.048,104.3188,122.342,49.76914644241333
45.9916,102.294,121.296,49.80120229721069
49.67,107.9696,123.5444,49.83719611167908
50.0116,105.6052,122.9124,49.86909794807434
54.558,102.416,121.9,49.90112781524658
48.432,107.3448,123.1548,49.93716502189636
52.6472,109.2824,124.4796,49.969128131866455
47.2396,103.158,121.696,50.001293897628784
48.828,110.188,122.6364,50.03712272644043
53.7716,110.5024,123.8848,50.06921362876892
47.6384,101.2272,121.9656,50.101295948028564
46.6024,105.0276,122.6868,50.137166023254395
48.8324,102.344,122.8648,50.16901206970215
48.1688,101.966,121.894,50.20129656791687
51.4416,110.124,124.1252,50.237287282943726
52.7404,106.1724,122.6452,50.2691535949707
51.3044,102.0464,121.0896,50.30126762390137
50.3816,105.9372,122.4324,50.33735728263855
56.1764,113.0844,125.2972,50.36918902397156
53.6056,105.1556,122.78,50.40131211280823
45.4624,100.0944,120.9804,50.43739461898804
50.164,104.7968,121.86,50.46925067901611
46.7324,97.1028,120.4168,50.50125789642334
47.9736,106.8856,122.488,50.53723216056824
49.2136,107.3476,123.8472,50.5692298412323
46.5184,100.2216,121.52,50.60129404067993
49.2416,108.1768,123.0236,50.63328719139099
53.1144,107.5256,124.2796,50.66927790641785
49.8232,102.6828,122.084,50.701345443725586
46.87,103.6216,121.942,50.73329973220825
53.1408,112.6896,125.1516,50.76919889450073
48.8808,100.4568,120.6196,50.801204681396484
50.0208,108.5396,123.004,50.83731722831726
50.6504,106.4208,123.16,50.869218587875366
49.592,104.908,122.7488,50.901196002960205
48.4524,108.8016,122.522,50.937206506729126
50.8236,107.3416,123.7236,50.96919393539429
50.4808,105.07,123.1976,51.0012264251709
46.3728,102.2816,121.8752,51.037317991256714
47.39,105.148,123.152,51.069210052490234
48.9084,103.6568,122.8148,51.101213693618774
46.282,100.8512,121.6332,51.137232303619385
48.3752,105.5924,123.028,51.16904330253601
46.9988,103.1108,122.4848,51.200993061065674
44.326,100.47,120.7052,51.23725700378418
48.6776,111.1396,123.9532,51.26921796798706
48.7236,103.4172,121.7384,51.30114674568176
44.2576,97.8888,118.624,51.337241649627686
48.7584,108.6304,123.29,51.369229555130005
46.19,102.2592,122.648,51.40118479728699
45.0944,100.9588,121.2204,51.43719792366028
47.196,105.1884,122.8812,51.46924185752869
46.734,100.7428,122.6764,51.50126266479492
47.3972,102.4016,121.894,51.5335648059845
51.2532,111.3368,124.6028,51.569185972213745
50.466,105.5316,124.224,51.60122728347778
50.0296,103.0264,122.6204,51.63335609436035
51.0188,107.04,123.5464,51.66934561729431
48.1904,103.552,123.516,51.70126008987427
46.2052,98.9568,120.976,51.733386278152466
48.5088,106.9992,123.492,51.769198417663574
46.9604,103.8348,122.8932,51.80117130279541
50.0192,108.6088,122.768,51.83334136009216
49.8924,108.6432,123.7192,51.86929631233215
50.0012,103.5288,122.834,51.901281118392944
49.006,101.0352,120.394,51.93333625793457
51.464,112.1336,124.6232,51.969266176223755
48.5492,107.6252,123.9348,52.00138735771179
48.2516,101.5292,121.894,52.0332396030426
51.2084,106.118,122.8352,52.06904578208923
51.1952,104.4928,123.6744,52.10113024711609
47.7324,95.9404,120.7424,52.133305072784424
50.4184,104.1464,121.224,52.169334173202515
47.4444,104.2892,123.5404,52.201125621795654
44.1744,98.7748,121.1936,52.23701047897339
47.1128,106.1464,122.9828,52.26906228065491
43.998,101.012,122.1552,52.30097436904907
47.1896,101.5652,121.0204,52.3370258808136
50.4728,107.0132,122.136,52.36900758743286
48.9344,102.6844,123.1084,52.40107297897339
45.9228,101.6376,121.9368,52.4372878074646
49.8876,100.3708,123.164,52.46933078765869
49.512,106.8412,122.6484,52.50125241279602
44.6404,99.4044,119.2028,52.533353328704834
42.1764,102.9824,120.002,52.56927156448364
46.182,102.4644,122.8952,52.60134482383728
43.9908,96.7424,119.4912,52.633331537246704
48.1928,109.9256,120.2812,52.6692955493927
46.7932,106.5708,123.674,52.70125699043274
46.2828,105.2656,121.614,52.73327970504761
48.9112,108.5784,123.6188,52.76920127868652
47.298,99.2836,120.3752,52.8013653755188
48.7756,100.452,121.8532,52.83334970474243
41.0108,100.1512,119.1812,52.869216442108154
45.1576,106.2312,123.3244,52.90138912200928
47.5064,101.2936,121.8612,52.933687925338745
46.4056,108.2928,122.596,52.969252586364746
46.6428,106.9108,122.4588,53.0013427734375
43.3956,96.6572,120.2244,53.033262729644775
41.7352,103.772,118.14,53.06927156448364
50.3816,111.4752,124.1296,53.10133075714111
45.9,100.954,121.3568,53.13331127166748
50.2924,109.7508,123.5236,53.16926026344299
46.606,109.0296,123.5792,53.20144057273865
46.0996,98.9336,119.7448,53.233283042907715
43.0904,101.8628,119.6816,53.269280433654785
46.0552,109.2176,123.498,53.301300287246704
49.4232,106.9244,122.1244,53.33327555656433
51.982,110.8556,122.904,53.36932349205017
46.8976,109.9992,123.7524,53.40121674537659
45.334,103.838,122.2432,53.43326497077942
47.504,108.3688,123.3736,53.469318151474
45.02,103.7972,122.716,53.50121235847473
49.7036,110.202,123.2684,53.53336572647095
43.2688,105.1764,118.5676,53.569273471832275
46.6088,109.6272,123.6504,53.60135340690613
46.1108,108.4596,123.202,53.63322424888611
44.5604,103.6508,121.5164,53.66925764083862
50.6148,112.2576,124.9048,53.70123028755188
42.2612,103.9708,121.9912,53.73318529129028
53.5464,112.376,124.7052,53.769251346588135
47.8324,108.2704,123.4152,53.80124115943909
42.6312,102.6416,122.4024,53.833258867263794
44.018,104.4332,122.4452,53.86930465698242
52.5656,113.2924,124.7832,53.90122056007385
47.0284,106.39,121.5924,53.93330693244934
43.1464,100.5196,117.7352,53.96928954124451
46.244,108.3076,123.5724,54.0012731552124
46.0784,100.6264,121.024,54.02977776527405
46.3648,105.474,121.2628,54.06543469429016
51.0016,113.2092,124.754,54.10101056098938
47.9428,105.9544,122.8648,54.133315086364746
46.4732,103.5008,117.9612,54.1692008972168
46.6748,106.736,123.6944,54.20135474205017
45.7068,105.4648,123.1244,54.23321747779846
53.4424,103.9256,123.7204,54.26912879943848
48.2048,108.9112,123.9684,54.301241397857666
46.1584,108.2496,123.8672,54.33332371711731
43.7808,102.3508,118.4976,54.36931014060974
47.226,109.0344,123.7432,54.401278018951416
45.1788,102.016,122.7256,54.43333292007446
48.0268,107.1448,123.4348,54.469292640686035
48.9604,110.1488,123.2092,54.50120306015015
47.6796,108.2832,123.9364,54.533316135406494
47.8276,106.3088,123.7144,54.56924104690552
52.468,111.02,124.4196,54.60123085975647
43.8336,102.5076,122.852,54.63325333595276
42.0512,100.5976,120.1328,54.6692750453949
50.4512,111.7776,124.2292,54.701263666152954
47.0252,107.1504,122.7472,54.73326015472412
42.2776,99.0472,120.6804,54.76562809944153
46.9752,107.7116,123.4836,54.80126762390137
46.5788,105.5852,123.4068,54.83333730697632
46.3772,103.0172,121.5528,54.869245290756226
49.9896,112.4532,122.4332,54.901262044906616
51.2408,110.8336,124.328,54.93333983421326
44.036,99.7412,119.8524,54.96925139427185
53.4864,116.2516,125.3192,55.00132513046265
44.9572,98.1812,118.7312,55.03335738182068
42.2676,98.8088,120.5804,55.06918382644653
50.5316,112.0908,123.1364,55.10113835334778
48.082,110.5132,124.356,55.13322687149048
42.9804,98.9268,121.0552,55.16909956932068
47.892,109.536,123.954,55.20123291015625
43.6404,105.2288,122.9404,55.233240842819214
44.3952,102.3528,121.0304,55.269083976745605
51.8372,113.2856,123.3108,55.300981760025024
44.5876,105.4204,123.0176,55.33300757408142
47.9424,103.4072,120.9584,55.36910128593445
49.1936,110.9748,123.5396,55.40122199058533
44.9384,104.4948,123.0948,55.43328523635864
43.068,104.1072,121.3772,55.4692599773407
49.5848,110.9216,123.54,55.50124502182007
46.8312,106.1312,123.0628,55.53333878517151
46.5652,105.7472,123.3112,55.56929874420166
44.2488,102.95,118.9952,55.601364850997925
48.4412,110.9936,124.4412,55.63327240943909
46.87,106.1032,122.6544,55.665523290634155
49.744,107.7104,123.5348,55.701298236846924
45.1772,108.7656,123.2444,55.73350262641907
45.156,103.734,122.4912,55.76537609100342
49.362,108.2056,123.142,55.801311016082764
49.0268,107.2568,122.866,55.83330464363098
43.5644,107.2752,122.8844,55.865413188934326
45.1164,102.7984,117.8364,55.901283502578735
51.5036,112.2488,124.5272,55.93335700035095
46.5712,105.3912,123.5152,55.96533751487732
44.162,100.8548,118.818,56.00124740600586
45.9172,105.8764,123.4732,56.03336262702942
42.0116,99.8608,122.362,56.06536388397217
47.962,106.484,122.036,56.10128831863403
46.028,104.8988,122.9488,56.13342595100403
49.7992,110.4212,124.7392,56.16532254219055
52.5804,110.908,125.2592,56.201308250427246
45.7492,109.0216,123.6972,56.23335909843445
45.9672,105.9768,123.0788,56.269288063049316
50.4716,109.886,123.6728,56.30115246772766
53.7756,113.6256,124.8172,56.3331401348114
44.5956,101.5952,122.672,56.36902117729187
51.116,109.5744,124.1712,56.40129613876343
51.518,108.3848,124.3888,56.43338966369629
44.1768,101.624,122.56,56.469589948654175
48.5216,110.3704,123.7952,56.50130891799927
48.6036,109.7528,124.3808,56.53369927406311
48.5196,108.6484,123.3532,56.56930875778198
47.2404,107.6652,121.4904,56.601346015930176
52.6632,112.3504,125.1484,56.63339686393738
43.7192,102.552,123.5664,56.6654257774353
45.9172,105.2224,123.6464,56.70129942893982
49.6532,105.2944,122.3936,56.73335814476013
45.4256,106.4404,123.9892,56.76543569564819
44.512,104.716,123.0152,56.80141091346741
51.0704,111.6404,124.98,56.83342123031616
52.0876,96.2224,121.0784,56.865478515625
47.2632,105.8864,124.0964,56.90135455131531
47.3116,106.5168,123.7416,56.93334627151489
45.4224,101.6904,122.9256,56.965437173843384
51.7496,111.2192,124.7476,57.001429080963135
46.9384,107.964,123.898,57.033403635025024
47.154,105.3616,122.9876,57.06559777259827
46.2656,105.4276,123.1832,57.1013388633728
47.1712,107.8464,122.3368,57.133461713790894
46.4812,105.5248,122.9032,57.16549348831177
42.484,105.3968,122.242,57.20136117935181
53.3476,111.3436,123.8652,57.233370542526245
46.8768,104.1992,122.736,57.26543474197388
46.3256,106.898,123.4964,57.3015341758728
50.482,101.9284,121.6276,57.3334538936615
47.4672,102.878,122.68,57.36542057991028
46.3268,106.8212,122.9088,57.4013786315918
46.9952,107.1524,123.4352,57.43342161178589
45.5536,100.9888,122.13,57.465444803237915
45.2856,106.54,123.1684,57.50142002105713
48.4068,106.9324,123.2268,57.53344392776489
46.8784,106.4144,123.034,57.565473318099976
44.0092,103.3584,122.972,57.60139751434326
50.1284,110.3656,123.66,57.63337278366089
46.168,103.6264,122.5176,57.665358781814575
40.7656,99.3876,120.662,57.70120310783386
46.7576,107.0564,122.6236,57.73328113555908
43.8312,102.136,122.1664,57.76541709899902
42.4436,101.5416,121.8292,57.80141472816467
51.4392,111.8864,123.2868,57.83340358734131
46.1116,104.6404,122.7448,57.865493059158325
43.5804,101.7456,121.8788,57.901294469833374
50.9364,110.0524,124.0144,57.93339562416077
44.592,100.6148,121.7632,57.965447425842285
42.4312,101.038,121.0264,58.001420736312866
55.1864,107.8244,124.1416,58.03339672088623
46.404,106.8496,122.3512,58.065436363220215
39.9348,97.8908,119.9536,58.101563453674316
49.9592,107.7092,122.9016,58.133400678634644
46.0048,103.3,121.7576,58.16542649269104
40.1128,99.5324,120.9376,58.201393842697144
44.862,107.5316,122.07,58.233386754989624
45.2244,106.3984,122.9992,58.26544976234436
45.2424,103.6496,122.386,58.30136299133301
42.512,102.2812,120.6392,58.33323884010315
46.3476,107.8488,122.5352,58.36516451835632
50.5576,104.9064,121.996,58.40151882171631
49.2188,104.4836,122.2836,58.433427810668945
47.2172,102.4708,121.9196,58.46550130844116
42.3212,97.8584,121.1032,58.50136160850525
49.5524,108.3612,123.6408,58.533421993255615
45.424,104.4788,122.654,58.56543183326721
41.0616,99.758,121.0752,58.601377964019775
48.4928,107.7752,122.37,58.633415937423706
48.1988,108.012,123.7844,58.66544818878174
41.1672,105.1168,121.1776,58.701627254486084
41.2188,97.9408,113.4808,58.733341455459595
51.138,105.2888,123.29,58.765373945236206
42.6748,101.32,121.854,58.80139183998108
49.756,108.6524,123.7308,58.833372592926025
49.8224,106.96,122.9268,58.86538481712341
41.014,99.9292,121.2696,58.8973605632782
46.482,105.0692,123.2032,58.933335065841675
49.8216,105.0284,122.7244,58.96541929244995
42.7628,100.5364,120.6256,59.001402854919434
42.7044,102.5592,119.3876,59.03323221206665
49.1668,107.8052,122.9616,59.06544208526611
41.4132,100.0744,120.55,59.10148525238037
45.8528,107.126,122.3536,59.1333429813385
50.0956,109.6744,123.6084,59.16540312767029
40.8,100.0904,121.108,59.20141887664795
47.4152,106.2376,122.9344,59.233423948287964
50.936,102.3988,121.6592,59.26542830467224
43.1232,101.0616,120.9668,59.301392555236816
43.0892,100.4364,119.5216,59.33344340324402
49.424,109.6844,123.7304,59.36518979072571
45.8576,99.0952,121.8888,59.40142321586609
42.6656,102.8656,123.0004,59.4333393573761
52.648,108.0824,124.4204,59.46539783477783
42.97,102.0332,122.938,59.50138545036316
49.5336,111.3216,125.1796,59.53337788581848
53.2568,108.568,124.9804,59.56535577774048
43.9884,96.9236,121.6112,59.60133409500122
47.31,107.9584,125.0972,59.62929582595825
52.4992,106.752,124.6548,59.66515755653381
41.4404,101.0316,122.47,59.70119547843933
45.1228,107.16,122.8304,59.73328137397766
50.9548,108.9156,124.8236,59.76531648635864
43.2164,103.6356,123.3728,59.8012421131134
47.4176,101.198,123.6364,59.83312726020813
49.1868,107.3392,124.4776,59.86541390419006
41.5128,98.0248,121.778,59.89742851257324
42.2784,100.7924,123.0184,59.93341517448425
49.2616,108.8912,125.1588,59.965449810028076
42.144,101.9056,122.6132,59.99747371673584
42.1008,104.1828,123.0316,60.03334069252014
